proceso_id,proceso,area,casos_mes,minutos_caso,tasa_error_manual,coste_error_euros,variabilidad,datos_disponibles,decide_sobre_personas,reversible
PR-01,Triaje del buzón de clientes,Atención al cliente,200,6.4,0.08,9,alta,completos,no,sí
PR-02,Alta de fichas de producto nuevas en el catálogo,Catálogo,85,22.0,0.11,14,media,completos,no,sí
PR-03,Revisión de pedidos con sospecha de fraude,Administración,140,9.0,0.06,210,alta,parciales,sí,no
PR-04,Conciliación de facturas de proveedor con albaranes,Administración,310,7.0,0.04,26,baja,completos,no,sí
PR-05,Respuesta a reseñas de clientes en la web,Marketing,120,11.0,0.03,45,alta,completos,no,sí
PR-06,Decisión de reposición de existencias semanal,Compras,48,95.0,0.18,320,alta,parciales,no,sí
PR-07,Emisión de etiquetas de envío y aviso al cliente,Logística,1450,2.2,0.02,7,baja,completos,no,sí
PR-08,Autorización de reembolsos de devoluciones,Administración,165,13.0,0.07,38,media,completos,sí,no
PR-09,Informe semanal de ventas para la dirección,Dirección,4,140.0,0.05,12,baja,completos,no,sí
PR-10,Criba de currículums para el almacén de campaña,Personal,9,18.0,0.12,95,alta,parciales,sí,no
PR-11,Apertura de parte al servicio técnico en garantía,Posventa,62,16.0,0.09,85,media,completos,no,sí
